{
  "auc": 0.5708288736886913,
  "baseline_auc": 0.622,
  "delta": -0.05117112631130871,
  "beats_baseline": false,
  "num_boost_round": 300,
  "params": {
    "objective": "binary:logistic",
    "eval_metric": "auc",
    "tree_method": "hist",
    "learning_rate": 0.05,
    "max_depth": 6,
    "min_child_weight": 50,
    "subsample": 0.8,
    "colsample_bytree": 0.8,
    "scale_pos_weight": 19
  },
  "top20_feature_importance_gain": {
    "brand_known": 261810.234375,
    "ubrand_pv": 51616.51953125,
    "brand": 41899.55859375,
    "user_svd_0": 38962.1328125,
    "user_svd_31": 28971.57421875,
    "user_svd_16": 28515.849609375,
    "ad_svd_15": 27877.23046875,
    "ad_svd_0": 25816.501953125,
    "user_svd_1": 20660.75390625,
    "user_svd_2": 20298.998046875,
    "ad_svd_23": 19369.396484375,
    "ad_svd_11": 18936.083984375,
    "user_svd_13": 18508.15625,
    "user_svd_29": 17516.154296875,
    "ad_svd_1": 17244.431640625,
    "ad_svd_21": 13835.208984375,
    "ad_svd_2": 13153.6044921875,
    "ad_svd_17": 12943.060546875,
    "user_svd_20": 12124.37109375,
    "ad_svd_29": 11815.0966796875
  }
}