{
  "k": 32,
  "n_users": 457554,
  "n_ads": 227800,
  "explained_variance_ratio_sum": 0.030777744948863983,
  "singular_values_top5": [
    82.19354248046875,
    50.41456985473633,
    42.597206115722656,
    42.02783966064453,
    40.756202697753906
  ]
}